size,heap,cores,kind,exitCode,status,violations,cgroupPeakBytes,seconds,gcShare,wallMs,cpuMs,peakHeapBytes,maxHeapBytes,peakRssBytes,gcMs,availableProcessors,inputBytes,triplesLoaded,javaVersion,os,phases,hwCpu,hwLogicalCpus,hwRamBytes,hwOs
100k,12288m,all,probe,1,violations,,,4.06,0.0234,3425,21578,166225528,12884901888,,80,16,7276800,99967,25.0.1+8-LTS-27,Windows 11 10.0 amd64,"{""validate"": 3169}",13th Gen Intel(R) Core(TM) i7-1360P,16,16849256448,Windows-11-10.0.26200-SP0
100k,6176m,all,probe,1,violations,,,7.98,0.0279,7070,46312,120975672,6476005376,,197,16,7276800,99967,25.0.1+8-LTS-27,Windows 11 10.0 amd64,"{""validate"": 6508}",13th Gen Intel(R) Core(TM) i7-1360P,16,16849256448,Windows-11-10.0.26200-SP0
100k,3120m,all,probe,1,violations,,,5.92,0.0241,5182,36203,142552560,3271557120,,125,16,7276800,99967,25.0.1+8-LTS-27,Windows 11 10.0 amd64,"{""validate"": 4834}",13th Gen Intel(R) Core(TM) i7-1360P,16,16849256448,Windows-11-10.0.26200-SP0
100k,1592m,all,probe,1,violations,,,5.34,0.0252,4610,32703,128316232,1669332992,,116,16,7276800,99967,25.0.1+8-LTS-27,Windows 11 10.0 amd64,"{""validate"": 4269}",13th Gen Intel(R) Core(TM) i7-1360P,16,16849256448,Windows-11-10.0.26200-SP0
100k,828m,all,probe,1,violations,,,5.25,0.0288,4482,31546,122272400,868220928,,129,16,7276800,99967,25.0.1+8-LTS-27,Windows 11 10.0 amd64,"{""validate"": 4137}",13th Gen Intel(R) Core(TM) i7-1360P,16,16849256448,Windows-11-10.0.26200-SP0
100k,446m,all,probe,1,violations,,,5.05,0.0315,4354,30156,119883472,467664896,,137,16,7276800,99967,25.0.1+8-LTS-27,Windows 11 10.0 amd64,"{""validate"": 4019}",13th Gen Intel(R) Core(TM) i7-1360P,16,16849256448,Windows-11-10.0.26200-SP0
100k,255m,all,probe,1,violations,,,5.96,0.0313,5142,35250,118249504,268435456,,161,16,7276800,99967,25.0.1+8-LTS-27,Windows 11 10.0 amd64,"{""validate"": 4739}",13th Gen Intel(R) Core(TM) i7-1360P,16,16849256448,Windows-11-10.0.26200-SP0
100k,159m,all,probe,1,violations,,,6.1,0.0337,5072,36093,109298184,167772160,,171,16,7276800,99967,25.0.1+8-LTS-27,Windows 11 10.0 amd64,"{""validate"": 4705}",13th Gen Intel(R) Core(TM) i7-1360P,16,16849256448,Windows-11-10.0.26200-SP0
100k,111m,all,probe,1,violations,,,5.7,0.0362,4941,34562,108687944,117440512,,179,16,7276800,99967,25.0.1+8-LTS-27,Windows 11 10.0 amd64,"{""validate"": 4580}",13th Gen Intel(R) Core(TM) i7-1360P,16,16849256448,Windows-11-10.0.26200-SP0
100k,87m,all,probe,1,violations,,,5.93,0.0330,5068,33453,111079240,92274688,,167,16,7276800,99967,25.0.1+8-LTS-27,Windows 11 10.0 amd64,"{""validate"": 4668}",13th Gen Intel(R) Core(TM) i7-1360P,16,16849256448,Windows-11-10.0.26200-SP0
100k,174m,1,warmup,1,violations,,,3.81,0.0759,3176,7843,104313464,176422912,,241,1,7276800,99967,25.0.1+8-LTS-27,Windows 11 10.0 amd64,"{""validate"": 2851}",13th Gen Intel(R) Core(TM) i7-1360P,16,16849256448,Windows-11-10.0.26200-SP0
100k,174m,1,run,1,violations,,,3.7,0.0722,3049,7515,104322344,176422912,,220,1,7276800,99967,25.0.1+8-LTS-27,Windows 11 10.0 amd64,"{""validate"": 2728}",13th Gen Intel(R) Core(TM) i7-1360P,16,16849256448,Windows-11-10.0.26200-SP0
100k,174m,1,run,1,violations,,,3.84,0.0718,3174,7812,104267056,176422912,,228,1,7276800,99967,25.0.1+8-LTS-27,Windows 11 10.0 amd64,"{""validate"": 2859}",13th Gen Intel(R) Core(TM) i7-1360P,16,16849256448,Windows-11-10.0.26200-SP0
100k,174m,1,run,1,violations,,,3.68,0.0769,3030,7390,104301448,176422912,,233,1,7276800,99967,25.0.1+8-LTS-27,Windows 11 10.0 amd64,"{""validate"": 2698}",13th Gen Intel(R) Core(TM) i7-1360P,16,16849256448,Windows-11-10.0.26200-SP0
100k,174m,2,warmup,1,violations,,,3.73,0.0543,3078,7968,115419248,182452224,,167,2,7276800,99967,25.0.1+8-LTS-27,Windows 11 10.0 amd64,"{""validate"": 2775}",13th Gen Intel(R) Core(TM) i7-1360P,16,16849256448,Windows-11-10.0.26200-SP0
100k,174m,2,run,1,violations,,,4.39,0.0561,3723,9796,116083696,182452224,,209,2,7276800,99967,25.0.1+8-LTS-27,Windows 11 10.0 amd64,"{""validate"": 3376}",13th Gen Intel(R) Core(TM) i7-1360P,16,16849256448,Windows-11-10.0.26200-SP0
100k,174m,2,run,1,violations,,,4.24,0.0529,3609,9875,116966464,182452224,,191,2,7276800,99967,25.0.1+8-LTS-27,Windows 11 10.0 amd64,"{""validate"": 3311}",13th Gen Intel(R) Core(TM) i7-1360P,16,16849256448,Windows-11-10.0.26200-SP0
100k,174m,2,run,1,violations,,,3.8,0.0544,3161,8375,115898608,182452224,,172,2,7276800,99967,25.0.1+8-LTS-27,Windows 11 10.0 amd64,"{""validate"": 2849}",13th Gen Intel(R) Core(TM) i7-1360P,16,16849256448,Windows-11-10.0.26200-SP0
100k,174m,4,warmup,1,violations,,,4.88,0.0356,4182,15734,103373776,182452224,,149,4,7276800,99967,25.0.1+8-LTS-27,Windows 11 10.0 amd64,"{""validate"": 3861}",13th Gen Intel(R) Core(TM) i7-1360P,16,16849256448,Windows-11-10.0.26200-SP0
100k,174m,4,run,1,violations,,,4.44,0.0322,3723,13796,116724520,182452224,,120,4,7276800,99967,25.0.1+8-LTS-27,Windows 11 10.0 amd64,"{""validate"": 3398}",13th Gen Intel(R) Core(TM) i7-1360P,16,16849256448,Windows-11-10.0.26200-SP0
100k,174m,4,run,1,violations,,,5.13,0.0368,4128,15859,104057400,182452224,,152,4,7276800,99967,25.0.1+8-LTS-27,Windows 11 10.0 amd64,"{""validate"": 3751}",13th Gen Intel(R) Core(TM) i7-1360P,16,16849256448,Windows-11-10.0.26200-SP0
100k,174m,4,run,1,violations,,,4.45,0.0338,3760,14171,120043896,182452224,,127,4,7276800,99967,25.0.1+8-LTS-27,Windows 11 10.0 amd64,"{""validate"": 3326}",13th Gen Intel(R) Core(TM) i7-1360P,16,16849256448,Windows-11-10.0.26200-SP0
100k,174m,8,warmup,1,violations,,,5.12,0.0323,4403,20171,113376376,182452224,,142,8,7276800,99967,25.0.1+8-LTS-27,Windows 11 10.0 amd64,"{""validate"": 4086}",13th Gen Intel(R) Core(TM) i7-1360P,16,16849256448,Windows-11-10.0.26200-SP0
100k,174m,8,run,1,violations,,,4.94,0.0334,4107,19312,112764224,182452224,,137,8,7276800,99967,25.0.1+8-LTS-27,Windows 11 10.0 amd64,"{""validate"": 3745}",13th Gen Intel(R) Core(TM) i7-1360P,16,16849256448,Windows-11-10.0.26200-SP0
100k,174m,8,run,1,violations,,,4.81,0.0377,4054,18500,112058544,182452224,,153,8,7276800,99967,25.0.1+8-LTS-27,Windows 11 10.0 amd64,"{""validate"": 3741}",13th Gen Intel(R) Core(TM) i7-1360P,16,16849256448,Windows-11-10.0.26200-SP0
100k,174m,8,run,1,violations,,,4.59,0.0328,3898,18171,111214608,182452224,,128,8,7276800,99967,25.0.1+8-LTS-27,Windows 11 10.0 amd64,"{""validate"": 3571}",13th Gen Intel(R) Core(TM) i7-1360P,16,16849256448,Windows-11-10.0.26200-SP0
1M,12288m,all,probe,1,violations,,,13.12,0.0379,12311,54875,740339472,12884901888,,467,16,73601436,999840,25.0.1+8-LTS-27,Windows 11 10.0 amd64,"{""validate"": 11970}",13th Gen Intel(R) Core(TM) i7-1360P,16,16849256448,Windows-11-10.0.26200-SP0
1M,6176m,all,probe,1,violations,,,19.61,0.0400,18299,72765,1100248680,6476005376,,732,16,73601436,999840,25.0.1+8-LTS-27,Windows 11 10.0 amd64,"{""validate"": 17620}",13th Gen Intel(R) Core(TM) i7-1360P,16,16849256448,Windows-11-10.0.26200-SP0
1M,3120m,all,probe,1,violations,,,20.83,0.0370,19388,72593,744284696,3271557120,,717,16,73601436,999840,25.0.1+8-LTS-27,Windows 11 10.0 amd64,"{""validate"": 18657}",13th Gen Intel(R) Core(TM) i7-1360P,16,16849256448,Windows-11-10.0.26200-SP0
1M,1592m,all,probe,1,violations,,,15.68,0.0478,14240,64250,746567112,1669332992,,680,16,73601436,999840,25.0.1+8-LTS-27,Windows 11 10.0 amd64,"{""validate"": 13664}",13th Gen Intel(R) Core(TM) i7-1360P,16,16849256448,Windows-11-10.0.26200-SP0
1M,828m,all,probe,1,violations,,,13.87,0.0492,12921,59593,731906048,868220928,,636,16,73601436,999840,25.0.1+8-LTS-27,Windows 11 10.0 amd64,"{""validate"": 12498}",13th Gen Intel(R) Core(TM) i7-1360P,16,16849256448,Windows-11-10.0.26200-SP0
1M,446m,all,probe,1,violations,,,19.86,0.0474,18794,81671,617340312,467664896,,891,16,73601436,999840,25.0.1+8-LTS-27,Windows 11 10.0 amd64,"{""validate"": 18244}",13th Gen Intel(R) Core(TM) i7-1360P,16,16849256448,Windows-11-10.0.26200-SP0
1M,255m,all,probe,3,oom,,,13.08,,,,,,,,,,,,,{},13th Gen Intel(R) Core(TM) i7-1360P,16,16849256448,Windows-11-10.0.26200-SP0
1M,350m,all,probe,1,violations,,,15.99,0.0870,14958,72484,493517632,367001600,,1302,16,73601436,999840,25.0.1+8-LTS-27,Windows 11 10.0 amd64,"{""validate"": 14384}",13th Gen Intel(R) Core(TM) i7-1360P,16,16849256448,Windows-11-10.0.26200-SP0
1M,302m,all,probe,1,violations,,,14.54,0.1265,13386,72421,403932368,316669952,,1693,16,73601436,999840,25.0.1+8-LTS-27,Windows 11 10.0 amd64,"{""validate"": 12722}",13th Gen Intel(R) Core(TM) i7-1360P,16,16849256448,Windows-11-10.0.26200-SP0
1M,326m,all,probe,1,violations,,,13.36,0.1163,12605,66703,442499072,341835776,,1466,16,73601436,999840,25.0.1+8-LTS-27,Windows 11 10.0 amd64,"{""validate"": 12274}",13th Gen Intel(R) Core(TM) i7-1360P,16,16849256448,Windows-11-10.0.26200-SP0
1M,700m,1,warmup,1,violations,,,13.26,0.1719,12527,22781,558248688,709558272,,2154,1,73601436,999840,25.0.1+8-LTS-27,Windows 11 10.0 amd64,"{""validate"": 12218}",13th Gen Intel(R) Core(TM) i7-1360P,16,16849256448,Windows-11-10.0.26200-SP0
1M,700m,1,run,1,violations,,,12.09,0.1724,11104,20781,557744576,709558272,,1914,1,73601436,999840,25.0.1+8-LTS-27,Windows 11 10.0 amd64,"{""validate"": 10691}",13th Gen Intel(R) Core(TM) i7-1360P,16,16849256448,Windows-11-10.0.26200-SP0
1M,700m,1,run,1,violations,,,15.23,0.1513,14498,26234,558840400,709558272,,2194,1,73601436,999840,25.0.1+8-LTS-27,Windows 11 10.0 amd64,"{""validate"": 14171}",13th Gen Intel(R) Core(TM) i7-1360P,16,16849256448,Windows-11-10.0.26200-SP0
1M,700m,1,run,1,violations,,,13.93,0.1574,13066,25062,557479480,709558272,,2056,1,73601436,999840,25.0.1+8-LTS-27,Windows 11 10.0 amd64,"{""validate"": 12686}",13th Gen Intel(R) Core(TM) i7-1360P,16,16849256448,Windows-11-10.0.26200-SP0
1M,700m,2,warmup,1,violations,,,13.24,0.1000,12187,28312,723756240,734003200,,1219,2,73601436,999840,25.0.1+8-LTS-27,Windows 11 10.0 amd64,"{""validate"": 11816}",13th Gen Intel(R) Core(TM) i7-1360P,16,16849256448,Windows-11-10.0.26200-SP0
1M,700m,2,run,1,violations,,,13.0,0.0997,12202,28812,678276848,734003200,,1217,2,73601436,999840,25.0.1+8-LTS-27,Windows 11 10.0 amd64,"{""validate"": 11829}",13th Gen Intel(R) Core(TM) i7-1360P,16,16849256448,Windows-11-10.0.26200-SP0
1M,700m,2,run,1,violations,,,11.83,0.0987,11093,25875,694902800,734003200,,1095,2,73601436,999840,25.0.1+8-LTS-27,Windows 11 10.0 amd64,"{""validate"": 10782}",13th Gen Intel(R) Core(TM) i7-1360P,16,16849256448,Windows-11-10.0.26200-SP0
1M,700m,2,run,1,violations,,,11.02,0.0995,10235,24046,709026200,734003200,,1018,2,73601436,999840,25.0.1+8-LTS-27,Windows 11 10.0 amd64,"{""validate"": 9864}",13th Gen Intel(R) Core(TM) i7-1360P,16,16849256448,Windows-11-10.0.26200-SP0
1M,700m,4,warmup,1,violations,,,10.35,0.0728,9625,30953,717640208,734003200,,701,4,73601436,999840,25.0.1+8-LTS-27,Windows 11 10.0 amd64,"{""validate"": 9310}",13th Gen Intel(R) Core(TM) i7-1360P,16,16849256448,Windows-11-10.0.26200-SP0
1M,700m,4,run,1,violations,,,10.01,0.0639,9230,28984,710722696,734003200,,590,4,73601436,999840,25.0.1+8-LTS-27,Windows 11 10.0 amd64,"{""validate"": 8898}",13th Gen Intel(R) Core(TM) i7-1360P,16,16849256448,Windows-11-10.0.26200-SP0
1M,700m,4,run,1,violations,,,9.76,0.0662,9012,29046,694808552,734003200,,597,4,73601436,999840,25.0.1+8-LTS-27,Windows 11 10.0 amd64,"{""validate"": 8699}",13th Gen Intel(R) Core(TM) i7-1360P,16,16849256448,Windows-11-10.0.26200-SP0
1M,700m,4,run,1,violations,,,9.93,0.0668,9179,30156,690222808,734003200,,613,4,73601436,999840,25.0.1+8-LTS-27,Windows 11 10.0 amd64,"{""validate"": 8859}",13th Gen Intel(R) Core(TM) i7-1360P,16,16849256448,Windows-11-10.0.26200-SP0
1M,700m,8,warmup,1,violations,,,10.19,0.0569,9420,37328,673569296,734003200,,536,8,73601436,999840,25.0.1+8-LTS-27,Windows 11 10.0 amd64,"{""validate"": 9088}",13th Gen Intel(R) Core(TM) i7-1360P,16,16849256448,Windows-11-10.0.26200-SP0
1M,700m,8,run,1,violations,,,11.91,0.0580,11139,41078,724513648,734003200,,646,8,73601436,999840,25.0.1+8-LTS-27,Windows 11 10.0 amd64,"{""validate"": 10797}",13th Gen Intel(R) Core(TM) i7-1360P,16,16849256448,Windows-11-10.0.26200-SP0
1M,700m,8,run,1,violations,,,12.6,0.0470,11847,47531,683671552,734003200,,557,8,73601436,999840,25.0.1+8-LTS-27,Windows 11 10.0 amd64,"{""validate"": 11403}",13th Gen Intel(R) Core(TM) i7-1360P,16,16849256448,Windows-11-10.0.26200-SP0
1M,700m,8,run,1,violations,,,12.55,0.0510,11842,46578,688914432,734003200,,604,8,73601436,999840,25.0.1+8-LTS-27,Windows 11 10.0 amd64,"{""validate"": 11506}",13th Gen Intel(R) Core(TM) i7-1360P,16,16849256448,Windows-11-10.0.26200-SP0
5M,12288m,all,probe,1,violations,,,50.25,0.0394,48994,124343,3689943488,12884901888,,1930,16,370814229,4999327,25.0.1+8-LTS-27,Windows 11 10.0 amd64,"{""validate"": 48487}",13th Gen Intel(R) Core(TM) i7-1360P,16,16849256448,Windows-11-10.0.26200-SP0
5M,6176m,all,probe,1,violations,,,40.46,0.0503,38921,113359,3821181280,6476005376,,1957,16,370814229,4999327,25.0.1+8-LTS-27,Windows 11 10.0 amd64,"{""validate"": 38429}",13th Gen Intel(R) Core(TM) i7-1360P,16,16849256448,Windows-11-10.0.26200-SP0
5M,3120m,all,probe,1,violations,,,36.97,0.0470,35802,121234,3214934016,3271557120,,1684,16,370814229,4999327,25.0.1+8-LTS-27,Windows 11 10.0 amd64,"{""validate"": 35324}",13th Gen Intel(R) Core(TM) i7-1360P,16,16849256448,Windows-11-10.0.26200-SP0
5M,1592m,all,probe,1,violations,,,47.7,0.0796,46801,186125,2264584728,1669332992,,3727,16,370814229,4999327,25.0.1+8-LTS-27,Windows 11 10.0 amd64,"{""validate"": 46379}",13th Gen Intel(R) Core(TM) i7-1360P,16,16849256448,Windows-11-10.0.26200-SP0
5M,828m,all,probe,3,oom,,,31.12,,,,,,,,,,,,,{},13th Gen Intel(R) Core(TM) i7-1360P,16,16849256448,Windows-11-10.0.26200-SP0
5M,1210m,all,probe,3,oom,,,34.48,,,,,,,,,,,,,{},13th Gen Intel(R) Core(TM) i7-1360P,16,16849256448,Windows-11-10.0.26200-SP0
5M,1401m,all,probe,1,violations,,,42.25,0.0983,40748,183718,1884815352,1470103552,,4005,16,370814229,4999327,25.0.1+8-LTS-27,Windows 11 10.0 amd64,"{""validate"": 40124}",13th Gen Intel(R) Core(TM) i7-1360P,16,16849256448,Windows-11-10.0.26200-SP0
5M,1305m,all,probe,3,oom,,,32.74,,,,,,,,,,,,,{},13th Gen Intel(R) Core(TM) i7-1360P,16,16849256448,Windows-11-10.0.26200-SP0
5M,2802m,1,warmup,1,violations,,,37.72,0.2522,36673,45500,2728635504,2840199168,,9248,1,370814229,4999327,25.0.1+8-LTS-27,Windows 11 10.0 amd64,"{""validate"": 36352}",13th Gen Intel(R) Core(TM) i7-1360P,16,16849256448,Windows-11-10.0.26200-SP0
5M,2802m,1,run,1,violations,,,39.76,0.2444,39061,49703,2729801056,2840199168,,9545,1,370814229,4999327,25.0.1+8-LTS-27,Windows 11 10.0 amd64,"{""validate"": 38793}",13th Gen Intel(R) Core(TM) i7-1360P,16,16849256448,Windows-11-10.0.26200-SP0
5M,2802m,1,run,1,violations,,,37.76,0.2545,37048,45484,2726264504,2840199168,,9427,1,370814229,4999327,25.0.1+8-LTS-27,Windows 11 10.0 amd64,"{""validate"": 36786}",13th Gen Intel(R) Core(TM) i7-1360P,16,16849256448,Windows-11-10.0.26200-SP0
5M,2802m,1,run,1,violations,,,43.37,0.2197,42514,54578,2729607688,2840199168,,9341,1,370814229,4999327,25.0.1+8-LTS-27,Windows 11 10.0 amd64,"{""validate"": 42252}",13th Gen Intel(R) Core(TM) i7-1360P,16,16849256448,Windows-11-10.0.26200-SP0
5M,2802m,2,warmup,1,violations,,,37.28,0.1290,35913,65140,3171334176,2938109952,,4634,2,370814229,4999327,25.0.1+8-LTS-27,Windows 11 10.0 amd64,"{""validate"": 35558}",13th Gen Intel(R) Core(TM) i7-1360P,16,16849256448,Windows-11-10.0.26200-SP0
5M,2802m,2,run,1,violations,,,49.23,0.1107,48441,88000,3295059232,2938109952,,5364,2,370814229,4999327,25.0.1+8-LTS-27,Windows 11 10.0 amd64,"{""validate"": 48144}",13th Gen Intel(R) Core(TM) i7-1360P,16,16849256448,Windows-11-10.0.26200-SP0
5M,2802m,2,run,1,violations,,,42.12,0.1165,41177,75812,3356491776,2938109952,,4799,2,370814229,4999327,25.0.1+8-LTS-27,Windows 11 10.0 amd64,"{""validate"": 40812}",13th Gen Intel(R) Core(TM) i7-1360P,16,16849256448,Windows-11-10.0.26200-SP0
5M,2802m,2,run,1,violations,,,56.5,0.1326,55380,88843,3400974520,2938109952,,7345,2,370814229,4999327,25.0.1+8-LTS-27,Windows 11 10.0 amd64,"{""validate"": 54938}",13th Gen Intel(R) Core(TM) i7-1360P,16,16849256448,Windows-11-10.0.26200-SP0
5M,2802m,4,warmup,1,violations,,,44.48,0.0937,43339,97562,3140485120,2938109952,,4062,4,370814229,4999327,25.0.1+8-LTS-27,Windows 11 10.0 amd64,"{""validate"": 42930}",13th Gen Intel(R) Core(TM) i7-1360P,16,16849256448,Windows-11-10.0.26200-SP0
5M,2802m,4,run,1,violations,,,33.89,0.0878,32736,83796,3125805056,2938109952,,2874,4,370814229,4999327,25.0.1+8-LTS-27,Windows 11 10.0 amd64,"{""validate"": 32373}",13th Gen Intel(R) Core(TM) i7-1360P,16,16849256448,Windows-11-10.0.26200-SP0
5M,2802m,4,run,1,violations,,,46.72,0.0868,45884,108750,3180331008,2938109952,,3984,4,370814229,4999327,25.0.1+8-LTS-27,Windows 11 10.0 amd64,"{""validate"": 45573}",13th Gen Intel(R) Core(TM) i7-1360P,16,16849256448,Windows-11-10.0.26200-SP0
5M,2802m,4,run,1,violations,,,31.87,0.0920,30867,73828,3202351104,2938109952,,2840,4,370814229,4999327,25.0.1+8-LTS-27,Windows 11 10.0 amd64,"{""validate"": 30516}",13th Gen Intel(R) Core(TM) i7-1360P,16,16849256448,Windows-11-10.0.26200-SP0
5M,2802m,8,warmup,1,violations,,,31.25,0.0646,30396,92687,3200253952,2938109952,,1965,8,370814229,4999327,25.0.1+8-LTS-27,Windows 11 10.0 amd64,"{""validate"": 30090}",13th Gen Intel(R) Core(TM) i7-1360P,16,16849256448,Windows-11-10.0.26200-SP0
5M,2802m,8,run,1,violations,,,30.6,0.0675,29758,92515,2959081472,2938109952,,2008,8,370814229,4999327,25.0.1+8-LTS-27,Windows 11 10.0 amd64,"{""validate"": 29432}",13th Gen Intel(R) Core(TM) i7-1360P,16,16849256448,Windows-11-10.0.26200-SP0
5M,2802m,8,run,1,violations,,,31.77,0.0688,30958,87281,3042967552,2938109952,,2131,8,370814229,4999327,25.0.1+8-LTS-27,Windows 11 10.0 amd64,"{""validate"": 30625}",13th Gen Intel(R) Core(TM) i7-1360P,16,16849256448,Windows-11-10.0.26200-SP0
5M,2802m,8,run,1,violations,,,30.76,0.0675,29940,91750,3177879520,2938109952,,2021,8,370814229,4999327,25.0.1+8-LTS-27,Windows 11 10.0 amd64,"{""validate"": 29631}",13th Gen Intel(R) Core(TM) i7-1360P,16,16849256448,Windows-11-10.0.26200-SP0
